{
    "id": 1,
    "timestamp": "2024-10-30 13:49",
    "light_level": 40.0,
    "humidity": 85.0,
    "temperature": 28.0
},{
    "id": 2,
    "timestamp": "2024-10-30 13:50",
    "light_level": 40.88,
    "humidity": 84.5,
    "temperature": 28.0
},{
    "id": 3,
    "timestamp": "2024-10-30 13:56",
    "light_level": 42.0,
    "humidity": 84.0,
    "temperature": 28.0
},{
    "id": 4,
    "timestamp": "2024-10-30 13:57",
    "light_level": 40.6,
    "humidity": 83.6,
    "temperature": 28.0
},{
    "id": 5,
    "timestamp": "2024-10-30 13:58",
    "light_level": 41.67,
    "humidity": 83.33,
    "temperature": 28.0
},{
    "id": 6,
    "timestamp": "2024-10-30 14:00",
    "light_level": 41.0,
    "humidity": 84.0,
    "temperature": 28.0
},{
    "id": 7,
    "timestamp": "2024-10-30 14:06",
    "light_level": 41.0,
    "humidity": 84.0,
    "temperature": 28.0
},{
    "id": 8,
    "timestamp": "2024-10-30 14:07",
    "light_level": 40.86,
    "humidity": 84.43,
    "temperature": 28.0
},{
    "id": 9,
    "timestamp": "2024-10-30 14:08",
    "light_level": 42.0,
    "humidity": 84.0,
    "temperature": 28.0
},{
    "id": 10,
    "timestamp": "2024-10-30 14:09",
    "light_level": 40.0,
    "humidity": 83.0,
    "temperature": 28.0
},{
    "id": 11,
    "timestamp": "2024-10-30 14:10",
    "light_level": 42.0,
    "humidity": 85.0,
    "temperature": 28.0
},{
    "id": 12,
    "timestamp": "2024-10-30 14:11",
    "light_level": 42.0,
    "humidity": 83.0,
    "temperature": 28.0
},{
    "id": 13,
    "timestamp": "2024-10-30 14:12",
    "light_level": 41.12,
    "humidity": 84.38,
    "temperature": 28.0
},{
    "id": 14,
    "timestamp": "2024-10-30 14:12",
    "light_level": 42.0,
    "humidity": 84.0,
    "temperature": 28.0
},{
    "id": 15,
    "timestamp": "2024-10-30 14:13",
    "light_level": 41.0,
    "humidity": 85.0,
    "temperature": 28.0
},{
    "id": 16,
    "timestamp": "2024-10-30 14:14",
    "light_level": 40.88,
    "humidity": 84.0,
    "temperature": 28.0
},{
    "id": 17,
    "timestamp": "2024-10-30 14:15",
    "light_level": 41.13,
    "humidity": 83.67,
    "temperature": 28.0
},{
    "id": 18,
    "timestamp": "2024-10-30 14:16",
    "light_level": 41.0,
    "humidity": 84.0,
    "temperature": 28.0
},{
    "id": 19,
    "timestamp": "2024-10-30 14:17",
    "light_level": 40.75,
    "humidity": 84.25,
    "temperature": 28.0
},{
    "id": 20,
    "timestamp": "2024-10-30 14:18",
    "light_level": 40.43,
    "humidity": 84.29,
    "temperature": 28.0
},{
    "id": 21,
    "timestamp": "2024-10-30 14:19",
    "light_level": 40.8,
    "humidity": 84.07,
    "temperature": 28.0
},{
    "id": 22,
    "timestamp": "2024-10-30 14:20",
    "light_level": 40.73,
    "humidity": 84.0,
    "temperature": 28.0
},{
    "id": 23,
    "timestamp": "2024-10-30 14:21",
    "light_level": 40.8,
    "humidity": 84.33,
    "temperature": 28.0
},{
    "id": 24,
    "timestamp": "2024-10-30 14:22",
    "light_level": 41.0,
    "humidity": 84.0,
    "temperature": 28.0
},{
    "id": 25,
    "timestamp": "2024-10-30 14:23",
    "light_level": 41.2,
    "humidity": 84.0,
    "temperature": 28.0
},{
    "id": 26,
    "timestamp": "2024-10-30 14:24",
    "light_level": 41.13,
    "humidity": 83.87,
    "temperature": 28.0
},{
    "id": 27,
    "timestamp": "2024-10-30 14:25",
    "light_level": 41.0,
    "humidity": 84.0,
    "temperature": 28.0
},{
    "id": 28,
    "timestamp": "2024-10-30 14:26",
    "light_level": 40.64,
    "humidity": 83.57,
    "temperature": 28.0
},{
    "id": 29,
    "timestamp": "2024-10-30 14:27",
    "light_level": 42.0,
    "humidity": 83.0,
    "temperature": 28.0
},{
    "id": 30,
    "timestamp": "2024-10-30 14:28",
    "light_level": 41.07,
    "humidity": 84.0,
    "temperature": 28.0
},{
    "id": 31,
    "timestamp": "2024-10-30 14:29",
    "light_level": 41.36,
    "humidity": 83.57,
    "temperature": 28.0
},{
    "id": 32,
    "timestamp": "2024-10-30 14:30",
    "light_level": 41.0,
    "humidity": 84.0,
    "temperature": 28.0
},{
    "id": 33,
    "timestamp": "2024-10-30 14:31",
    "light_level": 40.67,
    "humidity": 84.47,
    "temperature": 28.0
},{
    "id": 34,
    "timestamp": "2024-10-30 14:32",
    "light_level": 41.0,
    "humidity": 84.07,
    "temperature": 28.0
},{
    "id": 35,
    "timestamp": "2024-10-30 14:33",
    "light_level": 40.71,
    "humidity": 84.29,
    "temperature": 28.0
},{
    "id": 36,
    "timestamp": "2024-10-30 14:34",
    "light_level": 40.0,
    "humidity": 84.0,
    "temperature": 28.0
},{
    "id": 37,
    "timestamp": "2024-10-30 14:35",
    "light_level": 41.5,
    "humidity": 84.5,
    "temperature": 28.0
},{
    "id": 38,
    "timestamp": "2024-10-30 14:36",
    "light_level": 40.73,
    "humidity": 84.07,
    "temperature": 28.0
},{
    "id": 39,
    "timestamp": "2024-10-30 14:37",
    "light_level": 41.0,
    "humidity": 83.93,
    "temperature": 28.0
},{
    "id": 40,
    "timestamp": "2024-10-30 14:38",
    "light_level": 41.0,
    "humidity": 84.0,
    "temperature": 28.0
},{
    "id": 41,
    "timestamp": "2024-10-30 14:39",
    "light_level": 40.67,
    "humidity": 83.73,
    "temperature": 28.0
},{
    "id": 42,
    "timestamp": "2024-10-30 14:40",
    "light_level": 40.79,
    "humidity": 84.43,
    "temperature": 28.0
},{
    "id": 43,
    "timestamp": "2024-10-30 14:41",
    "light_level": 41.0,
    "humidity": 83.0,
    "temperature": 28.0
},{
    "id": 44,
    "timestamp": "2024-10-30 14:42",
    "light_level": 40.6,
    "humidity": 84.2,
    "temperature": 28.0
},{
    "id": 45,
    "timestamp": "2024-10-30 14:43",
    "light_level": 41.0,
    "humidity": 84.0,
    "temperature": 28.0
},{
    "id": 46,
    "timestamp": "2024-10-30 14:44",
    "light_level": 41.0,
    "humidity": 84.0,
    "temperature": 28.0
},{
    "id": 47,
    "timestamp": "2024-10-30 14:45",
    "light_level": 41.07,
    "humidity": 83.8,
    "temperature": 28.0
},{
    "id": 48,
    "timestamp": "2024-10-30 14:46",
    "light_level": 40.0,
    "humidity": 83.0,
    "temperature": 28.0
},{
    "id": 49,
    "timestamp": "2024-10-30 14:47",
    "light_level": 41.17,
    "humidity": 83.67,
    "temperature": 28.0
},{
    "id": 50,
    "timestamp": "2024-10-30 14:48",
    "light_level": 41.5,
    "humidity": 84.0,
    "temperature": 28.0
},{
    "id": 51,
    "timestamp": "2024-10-30 14:49",
    "light_level": 41.07,
    "humidity": 84.2,
    "temperature": 28.0
},{
    "id": 52,
    "timestamp": "2024-10-30 14:50",
    "light_level": 41.0,
    "humidity": 83.53,
    "temperature": 28.0
},{
    "id": 53,
    "timestamp": "2024-10-30 14:51",
    "light_level": 41.0,
    "humidity": 84.07,
    "temperature": 28.0
},{
    "id": 54,
    "timestamp": "2024-10-30 14:52",
    "light_level": 40.93,
    "humidity": 84.36,
    "temperature": 28.0
},{
    "id": 55,
    "timestamp": "2024-10-30 14:53",
    "light_level": 41.0,
    "humidity": 83.67,
    "temperature": 28.0
},{
    "id": 56,
    "timestamp": "2024-10-30 14:54",
    "light_level": 101.0,
    "humidity": 71.0,
    "temperature": 21.0
},{
    "id": 57,
    "timestamp": "2024-10-30 14:55",
    "light_level": 120.38,
    "humidity": 72.29,
    "temperature": 22.92
},{
    "id": 58,
    "timestamp": "2024-10-30 14:56",
    "light_level": 128.0,
    "humidity": 75.0,
    "temperature": 23.0
},{
    "id": 59,
    "timestamp": "2024-10-30 14:57",
    "light_level": 129.17,
    "humidity": 71.83,
    "temperature": 22.67
},{
    "id": 60,
    "timestamp": "2024-10-30 14:58",
    "light_level": 126.93,
    "humidity": 72.57,
    "temperature": 22.43
},{
    "id": 61,
    "timestamp": "2024-10-30 14:59",
    "light_level": 110.5,
    "humidity": 71.5,
    "temperature": 23.0
},{
    "id": 62,
    "timestamp": "2024-10-30 15:00",
    "light_level": 121.4,
    "humidity": 72.7,
    "temperature": 22.33
},{
    "id": 63,
    "timestamp": "2024-10-30 15:01",
    "light_level": 122.13,
    "humidity": 72.2,
    "temperature": 22.4
},{
    "id": 64,
    "timestamp": "2024-10-30 15:02",
    "light_level": 123.63,
    "humidity": 72.4,
    "temperature": 22.9
},{
    "id": 65,
    "timestamp": "2024-10-30 15:03",
    "light_level": 121.27,
    "humidity": 71.87,
    "temperature": 22.13
},{
    "id": 66,
    "timestamp": "2024-10-30 15:04",
    "light_level": 124.8,
    "humidity": 72.6,
    "temperature": 22.2
},{
    "id": 67,
    "timestamp": "2024-10-30 15:05",
    "light_level": 126.19,
    "humidity": 72.31,
    "temperature": 22.5
},{
    "id": 68,
    "timestamp": "2024-10-30 15:06",
    "light_level": 121.5,
    "humidity": 72.13,
    "temperature": 22.67
},{
    "id": 69,
    "timestamp": "2024-10-30 15:07",
    "light_level": 114.9,
    "humidity": 73.23,
    "temperature": 22.23
},{
    "id": 70,
    "timestamp": "2024-10-30 15:08",
    "light_level": 124.0,
    "humidity": 72.0,
    "temperature": 22.52
},{
    "id": 71,
    "timestamp": "2024-10-30 15:09",
    "light_level": 121.5,
    "humidity": 72.93,
    "temperature": 23.03
},{
    "id": 72,
    "timestamp": "2024-10-30 15:10",
    "light_level": 120.13,
    "humidity": 72.2,
    "temperature": 22.27
},{
    "id": 73,
    "timestamp": "2024-10-30 15:11",
    "light_level": 122.3,
    "humidity": 72.27,
    "temperature": 23.17
},{
    "id": 74,
    "timestamp": "2024-10-30 15:12",
    "light_level": 124.9,
    "humidity": 72.7,
    "temperature": 22.43
},{
    "id": 75,
    "timestamp": "2024-10-30 15:13",
    "light_level": 121.03,
    "humidity": 72.53,
    "temperature": 23.1
},{
    "id": 76,
    "timestamp": "2024-10-30 15:14",
    "light_level": 123.2,
    "humidity": 72.5,
    "temperature": 22.53
},{
    "id": 77,
    "timestamp": "2024-10-30 15:15",
    "light_level": 121.23,
    "humidity": 72.77,
    "temperature": 22.6
},{
    "id": 78,
    "timestamp": "2024-10-30 15:16",
    "light_level": 121.55,
    "humidity": 72.83,
    "temperature": 23.31
},{
    "id": 79,
    "timestamp": "2024-10-30 15:17",
    "light_level": 126.13,
    "humidity": 72.67,
    "temperature": 22.73
},{
    "id": 80,
    "timestamp": "2024-10-30 15:18",
    "light_level": 121.47,
    "humidity": 72.57,
    "temperature": 22.57
},{
    "id": 81,
    "timestamp": "2024-10-30 15:19",
    "light_level": 120.13,
    "humidity": 73.27,
    "temperature": 22.83
},{
    "id": 82,
    "timestamp": "2024-10-30 15:20",
    "light_level": 121.3,
    "humidity": 72.57,
    "temperature": 22.87
},{
    "id": 83,
    "timestamp": "2024-10-30 15:21",
    "light_level": 123.5,
    "humidity": 72.4,
    "temperature": 22.0
},{
    "id": 84,
    "timestamp": "2024-10-30 15:22",
    "light_level": 119.63,
    "humidity": 72.57,
    "temperature": 22.5
},{
    "id": 85,
    "timestamp": "2024-10-30 15:23",
    "light_level": 122.2,
    "humidity": 72.73,
    "temperature": 23.17
},{
    "id": 86,
    "timestamp": "2024-10-30 15:24",
    "light_level": 124.27,
    "humidity": 72.4,
    "temperature": 22.2
},{
    "id": 87,
    "timestamp": "2024-10-30 15:25",
    "light_level": 125.07,
    "humidity": 72.8,
    "temperature": 22.57
},{
    "id": 88,
    "timestamp": "2024-10-30 15:26",
    "light_level": 124.37,
    "humidity": 72.53,
    "temperature": 22.53
},{
    "id": 89,
    "timestamp": "2024-10-30 15:27",
    "light_level": 117.72,
    "humidity": 72.62,
    "temperature": 22.55
},{
    "id": 90,
    "timestamp": "2024-10-30 15:28",
    "light_level": 121.13,
    "humidity": 72.77,
    "temperature": 22.13
},{
    "id": 91,
    "timestamp": "2024-10-30 15:29",
    "light_level": 122.6,
    "humidity": 72.8,
    "temperature": 22.57
},{
    "id": 92,
    "timestamp": "2024-10-30 15:30",
    "light_level": 123.6,
    "humidity": 72.6,
    "temperature": 22.83
},{
    "id": 93,
    "timestamp": "2024-10-30 15:31",
    "light_level": 122.67,
    "humidity": 73.07,
    "temperature": 22.07
},{
    "id": 94,
    "timestamp": "2024-10-30 15:32",
    "light_level": 122.47,
    "humidity": 72.57,
    "temperature": 22.03
},{
    "id": 95,
    "timestamp": "2024-10-30 15:33",
    "light_level": 121.27,
    "humidity": 72.57,
    "temperature": 22.7
},{
    "id": 96,
    "timestamp": "2024-10-30 15:34",
    "light_level": 121.97,
    "humidity": 72.33,
    "temperature": 22.27
},{
    "id": 97,
    "timestamp": "2024-10-30 15:35",
    "light_level": 119.23,
    "humidity": 71.93,
    "temperature": 22.23
},{
    "timestamp": "2024-10-31 10:16",
    "light_level": 42.0,
    "humidity": 83.0,
    "temperature": 28.0
},